1,John,Smith,john.smith@example.com
2,Jane,Doe,jane.doe@example.com
3,Raj,Patel,raj.patel@example.com
4,Emma,Wilson,emma.wilson@example.com
5,Michel,Dupont,michel.dupont@example.com
6,Carlos,Rodriguez,carlos@example.com
7,Yuki,Tanaka,yuki.tanaka@example.com
